[
{"season": "2022", "week": "5", "date": "Thursday, October 6, 2022", "awayteam": "Colts", "hometeam": "Broncos", "stadium": "Empower Field at Mile High", "location": "Denver, CO"},
{"season": "2022", "week": "5", "date": "Sunday, October 9, 2022", "awayteam": "Giants", "hometeam": "Packers", "stadium": "Tottenham Hotspur Stadium", "location": "London"},
{"season": "2022", "week": "5", "date": "Sunday, October 9, 2022", "awayteam": "Steelers", "hometeam": "Bills", "stadium": "Highmark Stadium", "location": "Orchard Park, NY"},
{"season": "2022", "week": "5", "date": "Sunday, October 9, 2022", "awayteam": "Chargers", "hometeam": "Browns", "stadium": "FirstEnergy Stadium", "location": "Cleveland, OH"},
{"season": "2022", "week": "5", "date": "Sunday, October 9, 2022", "awayteam": "Bears", "hometeam": "Vikings", "stadium": "U.S. Bank Stadium", "location": "Minneapolis, MN"},
{"season": "2022", "week": "5", "date": "Sunday, October 9, 2022", "awayteam": "Lions", "hometeam": "Patriots", "stadium": "Gillette Stadium", "location": "Foxboro, MA"},
{"season": "2022", "week": "5", "date": "Sunday, October 9, 2022", "awayteam": "Seahawks", "hometeam": "Saints", "stadium": "Caesars Superdome", "location": "New Orleans, LA"},
{"season": "2022", "week": "5", "date": "Sunday, October 9, 2022", "awayteam": "Dolphins", "hometeam": "Jets", "stadium": "MetLife Stadium", "location": "East Rutherford, NJ"},
{"season": "2022", "week": "5", "date": "Sunday, October 9, 2022", "awayteam": "Falcons", "hometeam": "Buccaneers", "stadium": "Raymond James Stadium", "location": "Tampa, FL"},
{"season": "2022", "week": "5", "date": "Sunday, October 9, 2022", "awayteam": "Titans", "hometeam": "Commanders", "stadium": "FedExField", "location": "Landover, MD"},
{"season": "2022", "week": "5", "date": "Sunday, October 9, 2022", "awayteam": "Texans", "hometeam": "Jaguars", "stadium": "TIAA Bank Field", "location": "Jacksonville, FL"},
{"season": "2022", "week": "5", "date": "Sunday, October 9, 2022", "awayteam": "49ers", "hometeam": "Panthers", "stadium": "Bank of America Stadium", "location": "Charlotte, NC"},
{"season": "2022", "week": "5", "date": "Sunday, October 9, 2022", "awayteam": "Cowboys", "hometeam": "Rams", "stadium": "SoFi Stadium", "location": "Inglewood, CA"},
{"season": "2022", "week": "5", "date": "Sunday, October 9, 2022", "awayteam": "Eagles", "hometeam": "Cardinals", "stadium": "State Farm Stadium", "location": "Glendale, AZ"},
{"season": "2022", "week": "5", "date": "Sunday, October 9, 2022", "awayteam": "Bengals", "hometeam": "Ravens", "stadium": "M&T Bank Stadium", "location": "Baltimore, MD"},
{"season": "2022", "week": "5", "date": "Monday, October 10, 2022", "awayteam": "Raiders", "hometeam": "Chiefs", "stadium": "GEHA Field at Arrowhead Stadium", "location": "Kansas City, MO"},
{"season": "2022", "week": "6", "date": "Thursday, October 13, 2022", "awayteam": "Commanders", "hometeam": "Bears", "stadium": "Soldier Field", "location": "Chicago, IL"},
{"season": "2022", "week": "6", "date": "Sunday, October 16, 2022", "awayteam": "49ers", "hometeam": "Falcons", "stadium": "Mercedes-Benz Stadium", "location": "Atlanta, GA"},
{"season": "2022", "week": "6", "date": "Sunday, October 16, 2022", "awayteam": "Patriots", "hometeam": "Browns", "stadium": "FirstEnergy Stadium", "location": "Cleveland, OH"},
{"season": "2022", "week": "6", "date": "Sunday, October 16, 2022", "awayteam": "Jets", "hometeam": "Packers", "stadium": "Lambeau Field", "location": "Green Bay, WI"},
{"season": "2022", "week": "6", "date": "Sunday, October 16, 2022", "awayteam": "Jaguars", "hometeam": "Colts", "stadium": "Lucas Oil Stadium", "location": "Indianapolis, IN"},
{"season": "2022", "week": "6", "date": "Sunday, October 16, 2022", "awayteam": "Vikings", "hometeam": "Dolphins", "stadium": "Hard Rock Stadium", "location": "Miami Gardens, FL"},
{"season": "2022", "week": "6", "date": "Sunday, October 16, 2022", "awayteam": "Bengals", "hometeam": "Saints", "stadium": "Caesars Superdome", "location": "New Orleans, LA"},
{"season": "2022", "week": "6", "date": "Sunday, October 16, 2022", "awayteam": "Ravens", "hometeam": "Giants", "stadium": "MetLife Stadium", "location": "East Rutherford, NJ"},
{"season": "2022", "week": "6", "date": "Sunday, October 16, 2022", "awayteam": "Buccaneers", "hometeam": "Steelers", "stadium": "Acrisure Stadium", "location": "Pittsburgh, PA"},
{"season": "2022", "week": "6", "date": "Sunday, October 16, 2022", "awayteam": "Panthers", "hometeam": "Rams", "stadium": "SoFi Stadium", "location": "Inglewood, CA"},
{"season": "2022", "week": "6", "date": "Sunday, October 16, 2022", "awayteam": "Cardinals", "hometeam": "Seahawks", "stadium": "Lumen Field", "location": "Seattle, WA"},
{"season": "2022", "week": "6", "date": "Sunday, October 16, 2022", "awayteam": "Bills", "hometeam": "Chiefs", "stadium": "GEHA Field at Arrowhead Stadium", "location": "Kansas City, MO"},
{"season": "2022", "week": "6", "date": "Sunday, October 16, 2022", "awayteam": "Cowboys", "hometeam": "Eagles", "stadium": "Lincoln Financial Field", "location": "Philadelphia, PA"},
{"season": "2022", "week": "6", "date": "Monday, October 17, 2022", "awayteam": "Broncos", "hometeam": "Chargers", "stadium": "SoFi Stadium", "location": "Inglewood, CA"},
{"season": "2022", "week": "2", "date": "Thursday, September 15, 2022", "awayteam": "Chargers", "hometeam": "Chiefs", "stadium": "GEHA Field at Arrowhead Stadium", "location": "Kansas City, MO"},
{"season": "2022", "week": "2", "date": "Sunday, September 18, 2022", "awayteam": "Jets", "hometeam": "Browns", "stadium": "FirstEnergy Stadium", "location": "Cleveland, OH"},
{"season": "2022", "week": "2", "date": "Sunday, September 18, 2022", "awayteam": "Commanders", "hometeam": "Lions", "stadium": "Ford Field", "location": "Detroit, MI"},
{"season": "2022", "week": "2", "date": "Sunday, September 18, 2022", "awayteam": "Buccaneers", "hometeam": "Saints", "stadium": "Caesars Superdome", "location": "New Orleans, LA"},
{"season": "2022", "week": "2", "date": "Sunday, September 18, 2022", "awayteam": "Panthers", "hometeam": "Giants", "stadium": "MetLife Stadium", "location": "East Rutherford, NJ"},
{"season": "2022", "week": "2", "date": "Sunday, September 18, 2022", "awayteam": "Patriots", "hometeam": "Steelers", "stadium": "Acrisure Stadium", "location": "Pittsburgh, PA"},
{"season": "2022", "week": "2", "date": "Sunday, September 18, 2022", "awayteam": "Colts", "hometeam": "Jaguars", "stadium": "TIAA Bank Field", "location": "Jacksonville, FL"},
{"season": "2022", "week": "2", "date": "Sunday, September 18, 2022", "awayteam": "Dolphins", "hometeam": "Ravens", "stadium": "M&T Bank Stadium", "location": "Baltimore, MD"},
{"season": "2022", "week": "2", "date": "Sunday, September 18, 2022", "awayteam": "Falcons", "hometeam": "Rams", "stadium": "SoFi Stadium", "location": "Inglewood, CA"},
{"season": "2022", "week": "2", "date": "Sunday, September 18, 2022", "awayteam": "Seahawks", "hometeam": "49ers", "stadium": "Levi's Stadium", "location": "Santa Clara, CA"},
{"season": "2022", "week": "2", "date": "Sunday, September 18, 2022", "awayteam": "Bengals", "hometeam": "Cowboys", "stadium": "AT&T Stadium", "location": "Arlington, TX"},
{"season": "2022", "week": "2", "date": "Sunday, September 18, 2022", "awayteam": "Texans", "hometeam": "Broncos", "stadium": "Empower Field at Mile High", "location": "Denver, CO"},
{"season": "2022", "week": "2", "date": "Sunday, September 18, 2022", "awayteam": "Cardinals", "hometeam": "Raiders", "stadium": "Allegiant Stadium", "location": "Las Vegas, NV"},
{"season": "2022", "week": "2", "date": "Sunday, September 18, 2022", "awayteam": "Bears", "hometeam": "Packers", "stadium": "Lambeau Field", "location": "Green Bay, WI"},
{"season": "2022", "week": "2", "date": "Monday, September 19, 2022", "awayteam": "Titans", "hometeam": "Bills", "stadium": "Highmark Stadium", "location": "Orchard Park, NY"},
{"season": "2022", "week": "2", "date": "Monday, September 19, 2022", "awayteam": "Vikings", "hometeam": "Eagles", "stadium": "Lincoln Financial Field", "location": "Philadelphia, PA"},
{"season": "2022", "week": "7", "date": "Thursday, October 20, 2022", "awayteam": "Saints", "hometeam": "Cardinals", "stadium": "State Farm Stadium", "location": "Glendale, AZ"},
{"season": "2022", "week": "7", "date": "Sunday, October 23, 2022", "awayteam": "Falcons", "hometeam": "Bengals", "stadium": "Paycor Stadium", "location": "Cincinnati, OH"},
{"season": "2022", "week": "7", "date": "Sunday, October 23, 2022", "awayteam": "Lions", "hometeam": "Cowboys", "stadium": "AT&T Stadium", "location": "Arlington, TX"},
{"season": "2022", "week": "7", "date": "Sunday, October 23, 2022", "awayteam": "Colts", "hometeam": "Titans", "stadium": "Nissan Stadium", "location": "Nashville, TN"},
{"season": "2022", "week": "7", "date": "Sunday, October 23, 2022", "awayteam": "Packers", "hometeam": "Commanders", "stadium": "FedExField", "location": "Landover, MD"},
{"season": "2022", "week": "7", "date": "Sunday, October 23, 2022", "awayteam": "Buccaneers", "hometeam": "Panthers", "stadium": "Bank of America Stadium", "location": "Charlotte, NC"},
{"season": "2022", "week": "7", "date": "Sunday, October 23, 2022", "awayteam": "Giants", "hometeam": "Jaguars", "stadium": "TIAA Bank Field", "location": "Jacksonville, FL"},
{"season": "2022", "week": "7", "date": "Sunday, October 23, 2022", "awayteam": "Browns", "hometeam": "Ravens", "stadium": "M&T Bank Stadium", "location": "Baltimore, MD"},
{"season": "2022", "week": "7", "date": "Sunday, October 23, 2022", "awayteam": "Jets", "hometeam": "Broncos", "stadium": "Empower Field at Mile High", "location": "Denver, CO"},
{"season": "2022", "week": "7", "date": "Sunday, October 23, 2022", "awayteam": "Texans", "hometeam": "Raiders", "stadium": "Allegiant Stadium", "location": "Las Vegas, NV"},
{"season": "2022", "week": "7", "date": "Sunday, October 23, 2022", "awayteam": "Seahawks", "hometeam": "Chargers", "stadium": "SoFi Stadium", "location": "Inglewood, CA"},
{"season": "2022", "week": "7", "date": "Sunday, October 23, 2022", "awayteam": "Chiefs", "hometeam": "49ers", "stadium": "Levi's Stadium", "location": "Santa Clara, CA"},
{"season": "2022", "week": "7", "date": "Sunday, October 23, 2022", "awayteam": "Steelers", "hometeam": "Dolphins", "stadium": "Hard Rock Stadium", "location": "Miami Gardens, FL"},
{"season": "2022", "week": "7", "date": "Monday, October 24, 2022", "awayteam": "Bears", "hometeam": "Patriots", "stadium": "Gillette Stadium", "location": "Foxboro, MA"},
{"season": "2022", "week": "4", "date": "Thursday, September 29, 2022", "awayteam": "Dolphins", "hometeam": "Bengals", "stadium": "Paycor Stadium", "location": "Cincinnati, OH"},
{"season": "2022", "week": "4", "date": "Sunday, October 2, 2022", "awayteam": "Vikings", "hometeam": "Saints", "stadium": "Tottenham Hotspur Stadium", "location": "London"},
{"season": "2022", "week": "4", "date": "Sunday, October 2, 2022", "awayteam": "Browns", "hometeam": "Falcons", "stadium": "Mercedes-Benz Stadium", "location": "Atlanta, GA"},
{"season": "2022", "week": "4", "date": "Sunday, October 2, 2022", "awayteam": "Commanders", "hometeam": "Cowboys", "stadium": "AT&T Stadium", "location": "Arlington, TX"},
{"season": "2022", "week": "4", "date": "Sunday, October 2, 2022", "awayteam": "Seahawks", "hometeam": "Lions", "stadium": "Ford Field", "location": "Detroit, MI"},
{"season": "2022", "week": "4", "date": "Sunday, October 2, 2022", "awayteam": "Titans", "hometeam": "Colts", "stadium": "Lucas Oil Stadium", "location": "Indianapolis, IN"},
{"season": "2022", "week": "4", "date": "Sunday, October 2, 2022", "awayteam": "Bears", "hometeam": "Giants", "stadium": "MetLife Stadium", "location": "East Rutherford, NJ"},
{"season": "2022", "week": "4", "date": "Sunday, October 2, 2022", "awayteam": "Jaguars", "hometeam": "Eagles", "stadium": "Lincoln Financial Field", "location": "Philadelphia, PA"},
{"season": "2022", "week": "4", "date": "Sunday, October 2, 2022", "awayteam": "Jets", "hometeam": "Steelers", "stadium": "Acrisure Stadium", "location": "Pittsburgh, PA"},
{"season": "2022", "week": "4", "date": "Sunday, October 2, 2022", "awayteam": "Bills", "hometeam": "Ravens", "stadium": "M&T Bank Stadium", "location": "Baltimore, MD"},
{"season": "2022", "week": "4", "date": "Sunday, October 2, 2022", "awayteam": "Chargers", "hometeam": "Texans", "stadium": "NRG Stadium", "location": "Houston, TX"},
{"season": "2022", "week": "4", "date": "Sunday, October 2, 2022", "awayteam": "Cardinals", "hometeam": "Panthers", "stadium": "Bank of America Stadium", "location": "Charlotte, NC"},
{"season": "2022", "week": "4", "date": "Sunday, October 2, 2022", "awayteam": "Patriots", "hometeam": "Packers", "stadium": "Lambeau Field", "location": "Green Bay, WI"},
{"season": "2022", "week": "4", "date": "Sunday, October 2, 2022", "awayteam": "Broncos", "hometeam": "Raiders", "stadium": "Allegiant Stadium", "location": "Las Vegas, NV"},
{"season": "2022", "week": "3", "date": "Thursday, September 22, 2022", "awayteam": "Steelers", "hometeam": "Browns", "stadium": "FirstEnergy Stadium", "location": "Cleveland, OH"},
{"season": "2022", "week": "3", "date": "Sunday, September 25, 2022", "awayteam": "Texans", "hometeam": "Bears", "stadium": "Soldier Field", "location": "Chicago, IL"},
{"season": "2022", "week": "8", "date": "Thursday, October 27, 2022", "awayteam": "Ravens", "hometeam": "Buccaneers", "stadium": "Raymond James Stadium", "location": "Tampa, FL"},
{"season": "2022", "week": "8", "date": "Sunday, October 30, 2022", "awayteam": "Broncos", "hometeam": "Jaguars", "stadium": "Wembley Stadium", "location": "London"},
{"season": "2022", "week": "8", "date": "Sunday, October 30, 2022", "awayteam": "Panthers", "hometeam": "Falcons", "stadium": "Mercedes-Benz Stadium", "location": "Atlanta, GA"},
{"season": "2022", "week": "4", "date": "Sunday, October 2, 2022", "awayteam": "Chiefs", "hometeam": "Buccaneers", "stadium": "Raymond James Stadium", "location": "Tampa, FL"},
{"season": "2022", "week": "4", "date": "Monday, October 3, 2022", "awayteam": "Rams", "hometeam": "49ers", "stadium": "Levi's Stadium", "location": "Santa Clara, CA"},
{"season": "2022", "week": "1", "date": "Thursday, September 8, 2022", "awayteam": "Bills", "hometeam": "Rams", "stadium": "SoFi Stadium", "location": "Inglewood, CA"},
{"season": "2022", "week": "1", "date": "Sunday, September 11, 2022", "awayteam": "Saints", "hometeam": "Falcons", "stadium": "Mercedes-Benz Stadium", "location": "Atlanta, GA"},
{"season": "2022", "week": "3", "date": "Sunday, September 25, 2022", "awayteam": "Raiders", "hometeam": "Titans", "stadium": "Nissan Stadium", "location": "Nashville, TN"},
{"season": "2022", "week": "3", "date": "Sunday, September 25, 2022", "awayteam": "Chiefs", "hometeam": "Colts", "stadium": "Lucas Oil Stadium", "location": "Indianapolis, IN"},
{"season": "2022", "week": "3", "date": "Sunday, September 25, 2022", "awayteam": "Bills", "hometeam": "Dolphins", "stadium": "Hard Rock Stadium", "location": "Miami Gardens, FL"},
{"season": "2022", "week": "3", "date": "Sunday, September 25, 2022", "awayteam": "Lions", "hometeam": "Vikings", "stadium": "U.S. Bank Stadium", "location": "Minneapolis, MN"},
{"season": "2022", "week": "3", "date": "Sunday, September 25, 2022", "awayteam": "Ravens", "hometeam": "Patriots", "stadium": "Gillette Stadium", "location": "Foxboro, MA"},
{"season": "2022", "week": "3", "date": "Sunday, September 25, 2022", "awayteam": "Bengals", "hometeam": "Jets", "stadium": "MetLife Stadium", "location": "East Rutherford, NJ"},
{"season": "2022", "week": "3", "date": "Sunday, September 25, 2022", "awayteam": "Eagles", "hometeam": "Commanders", "stadium": "FedExField", "location": "Landover, MD"},
{"season": "2022", "week": "3", "date": "Sunday, September 25, 2022", "awayteam": "Saints", "hometeam": "Panthers", "stadium": "Bank of America Stadium", "location": "Charlotte, NC"},
{"season": "2022", "week": "3", "date": "Sunday, September 25, 2022", "awayteam": "Jaguars", "hometeam": "Chargers", "stadium": "SoFi Stadium", "location": "Inglewood, CA"},
{"season": "2022", "week": "3", "date": "Sunday, September 25, 2022", "awayteam": "Rams", "hometeam": "Cardinals", "stadium": "State Farm Stadium", "location": "Glendale, AZ"},
{"season": "2022", "week": "3", "date": "Sunday, September 25, 2022", "awayteam": "Falcons", "hometeam": "Seahawks", "stadium": "Lumen Field", "location": "Seattle, WA"},
{"season": "2022", "week": "3", "date": "Sunday, September 25, 2022", "awayteam": "Packers", "hometeam": "Buccaneers", "stadium": "Raymond James Stadium", "location": "Tampa, FL"},
{"season": "2022", "week": "3", "date": "Sunday, September 25, 2022", "awayteam": "49ers", "hometeam": "Broncos", "stadium": "Empower Field at Mile High", "location": "Denver, CO"},
{"season": "2022", "week": "8", "date": "Sunday, October 30, 2022", "awayteam": "Bears", "hometeam": "Cowboys", "stadium": "AT&T Stadium", "location": "Arlington, TX"},
{"season": "2022", "week": "8", "date": "Sunday, October 30, 2022", "awayteam": "Dolphins", "hometeam": "Lions", "stadium": "Ford Field", "location": "Detroit, MI"},
{"season": "2022", "week": "8", "date": "Sunday, October 30, 2022", "awayteam": "Cardinals", "hometeam": "Vikings", "stadium": "U.S. Bank Stadium", "location": "Minneapolis, MN"},
{"season": "2022", "week": "8", "date": "Sunday, October 30, 2022", "awayteam": "Raiders", "hometeam": "Saints", "stadium": "Caesars Superdome", "location": "New Orleans, LA"},
{"season": "2022", "week": "8", "date": "Sunday, October 30, 2022", "awayteam": "Patriots", "hometeam": "Jets", "stadium": "MetLife Stadium", "location": "East Rutherford, NJ"},
{"season": "2022", "week": "8", "date": "Sunday, October 30, 2022", "awayteam": "Steelers", "hometeam": "Eagles", "stadium": "Lincoln Financial Field", "location": "Philadelphia, PA"},
{"season": "2022", "week": "8", "date": "Sunday, October 30, 2022", "awayteam": "Titans", "hometeam": "Texans", "stadium": "NRG Stadium", "location": "Houston, TX"},
{"season": "2022", "week": "8", "date": "Sunday, October 30, 2022", "awayteam": "Commanders", "hometeam": "Colts", "stadium": "Lucas Oil Stadium", "location": "Indianapolis, IN"},
{"season": "2022", "week": "8", "date": "Sunday, October 30, 2022", "awayteam": "49ers", "hometeam": "Rams", "stadium": "SoFi Stadium", "location": "Inglewood, CA"},
{"season": "2022", "week": "8", "date": "Sunday, October 30, 2022", "awayteam": "Giants", "hometeam": "Seahawks", "stadium": "Lumen Field", "location": "Seattle, WA"},
{"season": "2022", "week": "8", "date": "Sunday, October 30, 2022", "awayteam": "Packers", "hometeam": "Bills", "stadium": "Highmark Stadium", "location": "Orchard Park, NY"},
{"season": "2022", "week": "8", "date": "Monday, October 31, 2022", "awayteam": "Bengals", "hometeam": "Browns", "stadium": "FirstEnergy Stadium", "location": "Cleveland, OH"},
{"season": "2022", "week": "1", "date": "Sunday, September 11, 2022", "awayteam": "49ers", "hometeam": "Bears", "stadium": "Soldier Field", "location": "Chicago, IL"},
{"season": "2022", "week": "1", "date": "Sunday, September 11, 2022", "awayteam": "Steelers", "hometeam": "Bengals", "stadium": "Paycor Stadium", "location": "Cincinnati, OH"},
{"season": "2022", "week": "1", "date": "Sunday, September 11, 2022", "awayteam": "Eagles", "hometeam": "Lions", "stadium": "Ford Field", "location": "Detroit, MI"},
{"season": "2022", "week": "1", "date": "Sunday, September 11, 2022", "awayteam": "Patriots", "hometeam": "Dolphins", "stadium": "Hard Rock Stadium", "location": "Miami Gardens, FL"},
{"season": "2022", "week": "1", "date": "Sunday, September 11, 2022", "awayteam": "Ravens", "hometeam": "Jets", "stadium": "MetLife Stadium", "location": "East Rutherford, NJ"},
{"season": "2022", "week": "1", "date": "Sunday, September 11, 2022", "awayteam": "Jaguars", "hometeam": "Commanders", "stadium": "FedExField", "location": "Landover, MD"},
{"season": "2022", "week": "1", "date": "Sunday, September 11, 2022", "awayteam": "Browns", "hometeam": "Panthers", "stadium": "Bank of America Stadium", "location": "Charlotte, NC"},
{"season": "2022", "week": "1", "date": "Sunday, September 11, 2022", "awayteam": "Colts", "hometeam": "Texans", "stadium": "NRG Stadium", "location": "Houston, TX"},
{"season": "2022", "week": "1", "date": "Sunday, September 11, 2022", "awayteam": "Giants", "hometeam": "Titans", "stadium": "Nissan Stadium", "location": "Nashville, TN"},
{"season": "2022", "week": "1", "date": "Sunday, September 11, 2022", "awayteam": "Packers", "hometeam": "Vikings", "stadium": "U.S. Bank Stadium", "location": "Minneapolis, MN"},
{"season": "2022", "week": "1", "date": "Sunday, September 11, 2022", "awayteam": "Chiefs", "hometeam": "Cardinals", "stadium": "State Farm Stadium", "location": "Glendale, AZ"},
{"season": "2022", "week": "1", "date": "Sunday, September 11, 2022", "awayteam": "Raiders", "hometeam": "Chargers", "stadium": "SoFi Stadium", "location": "Inglewood, CA"},
{"season": "2022", "week": "3", "date": "Monday, September 26, 2022", "awayteam": "Cowboys", "hometeam": "Giants", "stadium": "MetLife Stadium", "location": "East Rutherford, NJ"},
{"season": "2022", "week": "1", "date": "Sunday, September 11, 2022", "awayteam": "Buccaneers", "hometeam": "Cowboys", "stadium": "AT&T Stadium", "location": "Arlington, TX"},
{"season": "2022", "week": "1", "date": "Monday, September 12, 2022", "awayteam": "Broncos", "hometeam": "Seahawks", "stadium": "Lumen Field", "location": "Seattle, WA"},
{"season": "2022", "week": "9", "date": "Thursday, November 3, 2022", "awayteam": "Eagles", "hometeam": "Texans", "stadium": "NRG Stadium", "location": "Houston, TX"},
{"season": "2022", "week": "9", "date": "Sunday, November 6, 2022", "awayteam": "Chargers", "hometeam": "Falcons", "stadium": "Mercedes-Benz Stadium", "location": "Atlanta, GA"},
{"season": "2022", "week": "9", "date": "Sunday, November 6, 2022", "awayteam": "Dolphins", "hometeam": "Bears", "stadium": "Soldier Field", "location": "Chicago, IL"},
{"season": "2022", "week": "9", "date": "Sunday, November 6, 2022", "awayteam": "Panthers", "hometeam": "Bengals", "stadium": "Paycor Stadium", "location": "Cincinnati, OH"},
{"season": "2022", "week": "9", "date": "Sunday, November 6, 2022", "awayteam": "Packers", "hometeam": "Lions", "stadium": "Ford Field", "location": "Detroit, MI"},
{"season": "2022", "week": "9", "date": "Sunday, November 6, 2022", "awayteam": "Colts", "hometeam": "Patriots", "stadium": "Gillette Stadium", "location": "Foxboro, MA"},
{"season": "2022", "week": "9", "date": "Sunday, November 6, 2022", "awayteam": "Bills", "hometeam": "Jets", "stadium": "MetLife Stadium", "location": "East Rutherford, NJ"},
{"season": "2022", "week": "9", "date": "Sunday, November 6, 2022", "awayteam": "Vikings", "hometeam": "Commanders", "stadium": "FedExField", "location": "Landover, MD"},
{"season": "2022", "week": "9", "date": "Sunday, November 6, 2022", "awayteam": "Raiders", "hometeam": "Jaguars", "stadium": "TIAA Bank Field", "location": "Jacksonville, FL"},
{"season": "2022", "week": "9", "date": "Sunday, November 6, 2022", "awayteam": "Seahawks", "hometeam": "Cardinals", "stadium": "State Farm Stadium", "location": "Glendale, AZ"},
{"season": "2022", "week": "9", "date": "Sunday, November 6, 2022", "awayteam": "Rams", "hometeam": "Buccaneers", "stadium": "Raymond James Stadium", "location": "Tampa, FL"},
{"season": "2022", "week": "9", "date": "Sunday, November 6, 2022", "awayteam": "Titans", "hometeam": "Chiefs", "stadium": "GEHA Field at Arrowhead Stadium", "location": "Kansas City, MO"},
{"season": "2022", "week": "9", "date": "Monday, November 7, 2022", "awayteam": "Ravens", "hometeam": "Saints", "stadium": "Caesars Superdome", "location": "New Orleans, LA"},
{"season": "2022", "week": "10", "date": "Thursday, November 10, 2022", "awayteam": "Falcons", "hometeam": "Panthers", "stadium": "Bank of America Stadium", "location": "Charlotte, NC"},
{"season": "2022", "week": "10", "date": "Sunday, November 13, 2022", "awayteam": "Seahawks", "hometeam": "Buccaneers", "stadium": "Allianz Arena", "location": "Munich"},
{"season": "2022", "week": "10", "date": "Sunday, November 13, 2022", "awayteam": "Vikings", "hometeam": "Bills", "stadium": "Highmark Stadium", "location": "Orchard Park, NY"},
{"season": "2022", "week": "10", "date": "Sunday, November 13, 2022", "awayteam": "Lions", "hometeam": "Bears", "stadium": "Soldier Field", "location": "Chicago, IL"},
{"season": "2022", "week": "10", "date": "Sunday, November 13, 2022", "awayteam": "Broncos", "hometeam": "Titans", "stadium": "Nissan Stadium", "location": "Nashville, TN"},
{"season": "2022", "week": "10", "date": "Sunday, November 13, 2022", "awayteam": "Jaguars", "hometeam": "Chiefs", "stadium": "GEHA Field at Arrowhead Stadium", "location": "Kansas City, MO"},
{"season": "2022", "week": "10", "date": "Sunday, November 13, 2022", "awayteam": "Browns", "hometeam": "Dolphins", "stadium": "Hard Rock Stadium", "location": "Miami Gardens, FL"},
{"season": "2022", "week": "10", "date": "Sunday, November 13, 2022", "awayteam": "Texans", "hometeam": "Giants", "stadium": "MetLife Stadium", "location": "East Rutherford, NJ"},
{"season": "2022", "week": "10", "date": "Sunday, November 13, 2022", "awayteam": "Saints", "hometeam": "Steelers", "stadium": "Acrisure Stadium", "location": "Pittsburgh, PA"},
{"season": "2022", "week": "10", "date": "Sunday, November 13, 2022", "awayteam": "Colts", "hometeam": "Raiders", "stadium": "Allegiant Stadium", "location": "Las Vegas, NV"},
{"season": "2022", "week": "10", "date": "Sunday, November 13, 2022", "awayteam": "Cowboys", "hometeam": "Packers", "stadium": "Lambeau Field", "location": "Green Bay, WI"},
{"season": "2022", "week": "10", "date": "Sunday, November 13, 2022", "awayteam": "Cardinals", "hometeam": "Rams", "stadium": "SoFi Stadium", "location": "Inglewood, CA"},
{"season": "2022", "week": "10", "date": "Sunday, November 13, 2022", "awayteam": "Chargers", "hometeam": "49ers", "stadium": "Levi's Stadium", "location": "Santa Clara, CA"},
{"season": "2022", "week": "10", "date": "Monday, November 14, 2022", "awayteam": "Commanders", "hometeam": "Eagles", "stadium": "Lincoln Financial Field", "location": "Philadelphia, PA"},
{"season": "2022", "week": "11", "date": "Thursday, November 17, 2022", "awayteam": "Titans", "hometeam": "Packers", "stadium": "Lambeau Field", "location": "Green Bay, WI"},
{"season": "2022", "week": "11", "date": "Sunday, November 20, 2022", "awayteam": "Bears", "hometeam": "Falcons", "stadium": "Mercedes-Benz Stadium", "location": "Atlanta, GA"},
{"season": "2022", "week": "11", "date": "Sunday, November 20, 2022", "awayteam": "Browns", "hometeam": "Bills", "stadium": "Highmark Stadium", "location": "Orchard Park, NY"},
{"season": "2022", "week": "11", "date": "Sunday, November 20, 2022", "awayteam": "Eagles", "hometeam": "Colts", "stadium": "Lucas Oil Stadium", "location": "Indianapolis, IN"},
{"season": "2022", "week": "11", "date": "Sunday, November 20, 2022", "awayteam": "Jets", "hometeam": "Patriots", "stadium": "Gillette Stadium", "location": "Foxboro, MA"},
{"season": "2022", "week": "11", "date": "Sunday, November 20, 2022", "awayteam": "Rams", "hometeam": "Saints", "stadium": "Caesars Superdome", "location": "New Orleans, LA"},
{"season": "2022", "week": "11", "date": "Sunday, November 20, 2022", "awayteam": "Lions", "hometeam": "Giants", "stadium": "MetLife Stadium", "location": "East Rutherford, NJ"},
{"season": "2022", "week": "11", "date": "Sunday, November 20, 2022", "awayteam": "Panthers", "hometeam": "Ravens", "stadium": "M&T Bank Stadium", "location": "Baltimore, MD"},
{"season": "2022", "week": "11", "date": "Sunday, November 20, 2022", "awayteam": "Commanders", "hometeam": "Texans", "stadium": "NRG Stadium", "location": "Houston, TX"},
{"season": "2022", "week": "11", "date": "Sunday, November 20, 2022", "awayteam": "Raiders", "hometeam": "Broncos", "stadium": "Empower Field at Mile High", "location": "Denver, CO"},
{"season": "2022", "week": "11", "date": "Sunday, November 20, 2022", "awayteam": "Cowboys", "hometeam": "Vikings", "stadium": "U.S. Bank Stadium", "location": "Minneapolis, MN"},
{"season": "2022", "week": "11", "date": "Sunday, November 20, 2022", "awayteam": "Chiefs", "hometeam": "Chargers", "stadium": "SoFi Stadium", "location": "Inglewood, CA"},
{"season": "2022", "week": "11", "date": "Sunday, November 20, 2022", "awayteam": "Bengals", "hometeam": "Steelers", "stadium": "Acrisure Stadium", "location": "Pittsburgh, PA"},
{"season": "2022", "week": "11", "date": "Monday, November 21, 2022", "awayteam": "49ers", "hometeam": "Cardinals", "stadium": "Estadio Azteca", "location": "Mexico City"},
{"season": "2022", "week": "14", "date": "Thursday, December 8, 2022", "awayteam": "Raiders", "hometeam": "Rams", "stadium": "SoFi Stadium", "location": "Inglewood, CA"},
{"season": "2022", "week": "14", "date": "Sunday, December 11, 2022", "awayteam": "Jets", "hometeam": "Bills", "stadium": "Highmark Stadium", "location": "Orchard Park, NY"},
{"season": "2022", "week": "14", "date": "Sunday, December 11, 2022", "awayteam": "Browns", "hometeam": "Bengals", "stadium": "Paycor Stadium", "location": "Cincinnati, OH"},
{"season": "2022", "week": "14", "date": "Sunday, December 11, 2022", "awayteam": "Texans", "hometeam": "Cowboys", "stadium": "AT&T Stadium", "location": "Arlington, TX"},
{"season": "2022", "week": "14", "date": "Sunday, December 11, 2022", "awayteam": "Vikings", "hometeam": "Lions", "stadium": "Ford Field", "location": "Detroit, MI"},
{"season": "2022", "week": "14", "date": "Sunday, December 11, 2022", "awayteam": "Jaguars", "hometeam": "Titans", "stadium": "Nissan Stadium", "location": "Nashville, TN"},
{"season": "2022", "week": "14", "date": "Sunday, December 11, 2022", "awayteam": "Eagles", "hometeam": "Giants", "stadium": "MetLife Stadium", "location": "East Rutherford, NJ"},
{"season": "2022", "week": "14", "date": "Sunday, December 11, 2022", "awayteam": "Ravens", "hometeam": "Steelers", "stadium": "Acrisure Stadium", "location": "Pittsburgh, PA"},
{"season": "2022", "week": "14", "date": "Sunday, December 11, 2022", "awayteam": "Dolphins", "hometeam": "Chargers", "stadium": "SoFi Stadium", "location": "Inglewood, CA"},
{"season": "2022", "week": "14", "date": "Sunday, December 11, 2022", "awayteam": "Buccaneers", "hometeam": "49ers", "stadium": "Levi's Stadium", "location": "Santa Clara, CA"},
{"season": "2022", "week": "14", "date": "Sunday, December 11, 2022", "awayteam": "Panthers", "hometeam": "Seahawks", "stadium": "Lumen Field", "location": "Seattle, WA"},
{"season": "2022", "week": "14", "date": "Sunday, December 11, 2022", "awayteam": "Chiefs", "hometeam": "Broncos", "stadium": "Empower Field at Mile High", "location": "Denver, CO"},
{"season": "2022", "week": "14", "date": "Monday, December 12, 2022", "awayteam": "Patriots", "hometeam": "Cardinals", "stadium": "State Farm Stadium", "location": "Glendale, AZ"},
{"season": "2022", "week": "15", "date": "Thursday, December 15, 2022", "awayteam": "49ers", "hometeam": "Seahawks", "stadium": "Lumen Field", "location": "Seattle, WA"},
{"season": "2022", "week": "15", "date": "Sunday, December 18, 2022", "awayteam": "Dolphins", "hometeam": "Bills", "stadium": "Highmark Stadium", "location": "Orchard Park, NY"},
{"season": "2022", "week": "15", "date": "Sunday, December 18, 2022", "awayteam": "Ravens", "hometeam": "Browns", "stadium": "FirstEnergy Stadium", "location": "Cleveland, OH"},
{"season": "2022", "week": "15", "date": "Sunday, December 18, 2022", "awayteam": "Colts", "hometeam": "Vikings", "stadium": "U.S. Bank Stadium", "location": "Minneapolis, MN"},
{"season": "2022", "week": "15", "date": "Sunday, December 18, 2022", "awayteam": "Falcons", "hometeam": "Saints", "stadium": "Caesars Superdome", "location": "New Orleans, LA"},
{"season": "2022", "week": "15", "date": "Sunday, December 18, 2022", "awayteam": "Giants", "hometeam": "Commanders", "stadium": "FedExField", "location": "Landover, MD"},
{"season": "2022", "week": "15", "date": "Sunday, December 18, 2022", "awayteam": "Eagles", "hometeam": "Bears", "stadium": "Soldier Field", "location": "Chicago, IL"},
{"season": "2022", "week": "15", "date": "Sunday, December 18, 2022", "awayteam": "Lions", "hometeam": "Jets", "stadium": "MetLife Stadium", "location": "East Rutherford, NJ"},
{"season": "2022", "week": "15", "date": "Sunday, December 18, 2022", "awayteam": "Steelers", "hometeam": "Panthers", "stadium": "Bank of America Stadium", "location": "Charlotte, NC"},
{"season": "2022", "week": "15", "date": "Sunday, December 18, 2022", "awayteam": "Cowboys", "hometeam": "Jaguars", "stadium": "TIAA Bank Field", "location": "Jacksonville, FL"},
{"season": "2022", "week": "15", "date": "Sunday, December 18, 2022", "awayteam": "Chiefs", "hometeam": "Texans", "stadium": "NRG Stadium", "location": "Houston, TX"},
{"season": "2022", "week": "15", "date": "Sunday, December 18, 2022", "awayteam": "Cardinals", "hometeam": "Broncos", "stadium": "Empower Field at Mile High", "location": "Denver, CO"},
{"season": "2022", "week": "15", "date": "Sunday, December 18, 2022", "awayteam": "Titans", "hometeam": "Chargers", "stadium": "SoFi Stadium", "location": "Inglewood, CA"},
{"season": "2022", "week": "15", "date": "Sunday, December 18, 2022", "awayteam": "Bengals", "hometeam": "Buccaneers", "stadium": "Raymond James Stadium", "location": "Tampa, FL"},
{"season": "2022", "week": "15", "date": "Sunday, December 18, 2022", "awayteam": "Patriots", "hometeam": "Raiders", "stadium": "Allegiant Stadium", "location": "Las Vegas, NV"},
{"season": "2022", "week": "15", "date": "Monday, December 19, 2022", "awayteam": "Rams", "hometeam": "Packers", "stadium": "Lambeau Field", "location": "Green Bay, WI"},
{"season": "2022", "week": "16", "date": "Thursday, December 22, 2022", "awayteam": "Jaguars", "hometeam": "Jets", "stadium": "MetLife Stadium", "location": "East Rutherford, NJ"},
{"season": "2022", "week": "16", "date": "Saturday, December 24, 2022", "awayteam": "Bills", "hometeam": "Bears", "stadium": "Soldier Field", "location": "Chicago, IL"},
{"season": "2022", "week": "16", "date": "Saturday, December 24, 2022", "awayteam": "Saints", "hometeam": "Browns", "stadium": "FirstEnergy Stadium", "location": "Cleveland, OH"},
{"season": "2022", "week": "16", "date": "Saturday, December 24, 2022", "awayteam": "Texans", "hometeam": "Titans", "stadium": "Nissan Stadium", "location": "Nashville, TN"},
{"season": "2022", "week": "16", "date": "Saturday, December 24, 2022", "awayteam": "Seahawks", "hometeam": "Chiefs", "stadium": "GEHA Field at Arrowhead Stadium", "location": "Kansas City, MO"},
{"season": "2022", "week": "16", "date": "Saturday, December 24, 2022", "awayteam": "Giants", "hometeam": "Vikings", "stadium": "U.S. Bank Stadium", "location": "Minneapolis, MN"},
{"season": "2022", "week": "16", "date": "Saturday, December 24, 2022", "awayteam": "Bengals", "hometeam": "Patriots", "stadium": "Gillette Stadium", "location": "Foxboro, MA"},
{"season": "2022", "week": "16", "date": "Saturday, December 24, 2022", "awayteam": "Lions", "hometeam": "Panthers", "stadium": "Bank of America Stadium", "location": "Charlotte, NC"},
{"season": "2022", "week": "16", "date": "Saturday, December 24, 2022", "awayteam": "Falcons", "hometeam": "Ravens", "stadium": "M&T Bank Stadium", "location": "Baltimore, MD"},
{"season": "2022", "week": "16", "date": "Saturday, December 24, 2022", "awayteam": "Commanders", "hometeam": "49ers", "stadium": "Levi's Stadium", "location": "Santa Clara, CA"},
{"season": "2022", "week": "16", "date": "Saturday, December 24, 2022", "awayteam": "Eagles", "hometeam": "Cowboys", "stadium": "AT&T Stadium", "location": "Arlington, TX"},
{"season": "2022", "week": "16", "date": "Saturday, December 24, 2022", "awayteam": "Raiders", "hometeam": "Steelers", "stadium": "Acrisure Stadium", "location": "Pittsburgh, PA"},
{"season": "2022", "week": "12", "date": "Thursday, November 24, 2022", "awayteam": "Bills", "hometeam": "Lions", "stadium": "Ford Field", "location": "Detroit, MI"},
{"season": "2022", "week": "12", "date": "Thursday, November 24, 2022", "awayteam": "Giants", "hometeam": "Cowboys", "stadium": "AT&T Stadium", "location": "Arlington, TX"},
{"season": "2022", "week": "12", "date": "Thursday, November 24, 2022", "awayteam": "Patriots", "hometeam": "Vikings", "stadium": "U.S. Bank Stadium", "location": "Minneapolis, MN"},
{"season": "2022", "week": "16", "date": "Sunday, December 25, 2022", "awayteam": "Packers", "hometeam": "Dolphins", "stadium": "Hard Rock Stadium", "location": "Miami Gardens, FL"},
{"season": "2022", "week": "16", "date": "Sunday, December 25, 2022", "awayteam": "Broncos", "hometeam": "Rams", "stadium": "SoFi Stadium", "location": "Inglewood, CA"},
{"season": "2022", "week": "16", "date": "Sunday, December 25, 2022", "awayteam": "Buccaneers", "hometeam": "Cardinals", "stadium": "State Farm Stadium", "location": "Glendale, AZ"},
{"season": "2022", "week": "16", "date": "Monday, December 26, 2022", "awayteam": "Chargers", "hometeam": "Colts", "stadium": "Lucas Oil Stadium", "location": "Indianapolis, IN"},
{"season": "2022", "week": "12", "date": "Sunday, November 27, 2022", "awayteam": "Buccaneers", "hometeam": "Browns", "stadium": "FirstEnergy Stadium", "location": "Cleveland, OH"},
{"season": "2022", "week": "12", "date": "Sunday, November 27, 2022", "awayteam": "Bengals", "hometeam": "Titans", "stadium": "Nissan Stadium", "location": "Nashville, TN"},
{"season": "2022", "week": "12", "date": "Sunday, November 27, 2022", "awayteam": "Texans", "hometeam": "Dolphins", "stadium": "Hard Rock Stadium", "location": "Miami Gardens, FL"},
{"season": "2022", "week": "12", "date": "Sunday, November 27, 2022", "awayteam": "Bears", "hometeam": "Jets", "stadium": "MetLife Stadium", "location": "East Rutherford, NJ"},
{"season": "2022", "week": "12", "date": "Sunday, November 27, 2022", "awayteam": "Falcons", "hometeam": "Commanders", "stadium": "FedExField", "location": "Landover, MD"},
{"season": "2022", "week": "12", "date": "Sunday, November 27, 2022", "awayteam": "Broncos", "hometeam": "Panthers", "stadium": "Bank of America Stadium", "location": "Charlotte, NC"},
{"season": "2022", "week": "12", "date": "Sunday, November 27, 2022", "awayteam": "Ravens", "hometeam": "Jaguars", "stadium": "TIAA Bank Field", "location": "Jacksonville, FL"},
{"season": "2022", "week": "12", "date": "Sunday, November 27, 2022", "awayteam": "Chargers", "hometeam": "Cardinals", "stadium": "State Farm Stadium", "location": "Glendale, AZ"},
{"season": "2022", "week": "12", "date": "Sunday, November 27, 2022", "awayteam": "Raiders", "hometeam": "Seahawks", "stadium": "Lumen Field", "location": "Seattle, WA"},
{"season": "2022", "week": "12", "date": "Sunday, November 27, 2022", "awayteam": "Rams", "hometeam": "Chiefs", "stadium": "GEHA Field at Arrowhead Stadium", "location": "Kansas City, MO"},
{"season": "2022", "week": "12", "date": "Sunday, November 27, 2022", "awayteam": "Saints", "hometeam": "49ers", "stadium": "Levi's Stadium", "location": "Santa Clara, CA"},
{"season": "2022", "week": "12", "date": "Sunday, November 27, 2022", "awayteam": "Packers", "hometeam": "Eagles", "stadium": "Lincoln Financial Field", "location": "Philadelphia, PA"},
{"season": "2022", "week": "12", "date": "Monday, November 28, 2022", "awayteam": "Steelers", "hometeam": "Colts", "stadium": "Lucas Oil Stadium", "location": "Indianapolis, IN"},
{"season": "2022", "week": "13", "date": "Thursday, December 1, 2022", "awayteam": "Bills", "hometeam": "Patriots", "stadium": "Gillette Stadium", "location": "Foxboro, MA"},
{"season": "2022", "week": "13", "date": "Sunday, December 4, 2022", "awayteam": "Steelers", "hometeam": "Falcons", "stadium": "Mercedes-Benz Stadium", "location": "Atlanta, GA"},
{"season": "2022", "week": "13", "date": "Sunday, December 4, 2022", "awayteam": "Packers", "hometeam": "Bears", "stadium": "Soldier Field", "location": "Chicago, IL"},
{"season": "2022", "week": "13", "date": "Sunday, December 4, 2022", "awayteam": "Jaguars", "hometeam": "Lions", "stadium": "Ford Field", "location": "Detroit, MI"},
{"season": "2022", "week": "13", "date": "Sunday, December 4, 2022", "awayteam": "Jets", "hometeam": "Vikings", "stadium": "U.S. Bank Stadium", "location": "Minneapolis, MN"},
{"season": "2022", "week": "13", "date": "Sunday, December 4, 2022", "awayteam": "Commanders", "hometeam": "Giants", "stadium": "MetLife Stadium", "location": "East Rutherford, NJ"},
{"season": "2022", "week": "13", "date": "Sunday, December 4, 2022", "awayteam": "Titans", "hometeam": "Eagles", "stadium": "Lincoln Financial Field", "location": "Philadelphia, PA"},
{"season": "2022", "week": "13", "date": "Sunday, December 4, 2022", "awayteam": "Broncos", "hometeam": "Ravens", "stadium": "M&T Bank Stadium", "location": "Baltimore, MD"},
{"season": "2022", "week": "13", "date": "Sunday, December 4, 2022", "awayteam": "Browns", "hometeam": "Texans", "stadium": "NRG Stadium", "location": "Houston, TX"},
{"season": "2022", "week": "13", "date": "Sunday, December 4, 2022", "awayteam": "Seahawks", "hometeam": "Rams", "stadium": "SoFi Stadium", "location": "Inglewood, CA"},
{"season": "2022", "week": "13", "date": "Sunday, December 4, 2022", "awayteam": "Dolphins", "hometeam": "49ers", "stadium": "Levi's Stadium", "location": "Santa Clara, CA"},
{"season": "2022", "week": "13", "date": "Sunday, December 4, 2022", "awayteam": "Chiefs", "hometeam": "Bengals", "stadium": "Paycor Stadium", "location": "Cincinnati, OH"},
{"season": "2022", "week": "13", "date": "Sunday, December 4, 2022", "awayteam": "Chargers", "hometeam": "Raiders", "stadium": "Allegiant Stadium", "location": "Las Vegas, NV"},
{"season": "2022", "week": "13", "date": "Sunday, December 4, 2022", "awayteam": "Colts", "hometeam": "Cowboys", "stadium": "AT&T Stadium", "location": "Arlington, TX"},
{"season": "2022", "week": "13", "date": "Monday, December 5, 2022", "awayteam": "Saints", "hometeam": "Buccaneers", "stadium": "Raymond James Stadium", "location": "Tampa, FL"},
{"season": "2022", "week": "17", "date": "Thursday, December 29, 2022", "awayteam": "Cowboys", "hometeam": "Titans", "stadium": "Nissan Stadium", "location": "Nashville, TN"},
{"season": "2022", "week": "17", "date": "Sunday, January 1, 2023", "awayteam": "Cardinals", "hometeam": "Falcons", "stadium": "Mercedes-Benz Stadium", "location": "Atlanta, GA"},
{"season": "2022", "week": "17", "date": "Sunday, January 1, 2023", "awayteam": "Bears", "hometeam": "Lions", "stadium": "Ford Field", "location": "Detroit, MI"},
{"season": "2022", "week": "17", "date": "Sunday, January 1, 2023", "awayteam": "Broncos", "hometeam": "Chiefs", "stadium": "GEHA Field at Arrowhead Stadium", "location": "Kansas City, MO"},
{"season": "2022", "week": "17", "date": "Sunday, January 1, 2023", "awayteam": "Dolphins", "hometeam": "Patriots", "stadium": "Gillette Stadium", "location": "Foxboro, MA"},
{"season": "2022", "week": "17", "date": "Sunday, January 1, 2023", "awayteam": "Colts", "hometeam": "Giants", "stadium": "MetLife Stadium", "location": "East Rutherford, NJ"},
{"season": "2022", "week": "17", "date": "Sunday, January 1, 2023", "awayteam": "Saints", "hometeam": "Eagles", "stadium": "Lincoln Financial Field", "location": "Philadelphia, PA"},
{"season": "2022", "week": "17", "date": "Sunday, January 1, 2023", "awayteam": "Panthers", "hometeam": "Buccaneers", "stadium": "Raymond James Stadium", "location": "Tampa, FL"},
{"season": "2022", "week": "17", "date": "Sunday, January 1, 2023", "awayteam": "Browns", "hometeam": "Commanders", "stadium": "FedExField", "location": "Landover, MD"},
{"season": "2022", "week": "17", "date": "Sunday, January 1, 2023", "awayteam": "Steelers", "hometeam": "Ravens", "stadium": "M&T Bank Stadium", "location": "Baltimore, MD"},
{"season": "2022", "week": "17", "date": "Sunday, January 1, 2023", "awayteam": "Jaguars", "hometeam": "Texans", "stadium": "NRG Stadium", "location": "Houston, TX"},
{"season": "2022", "week": "17", "date": "Sunday, January 1, 2023", "awayteam": "49ers", "hometeam": "Raiders", "stadium": "Allegiant Stadium", "location": "Las Vegas, NV"},
{"season": "2022", "week": "17", "date": "Sunday, January 1, 2023", "awayteam": "Jets", "hometeam": "Seahawks", "stadium": "Lumen Field", "location": "Seattle, WA"},
{"season": "2022", "week": "17", "date": "Sunday, January 1, 2023", "awayteam": "Vikings", "hometeam": "Packers", "stadium": "Lambeau Field", "location": "Green Bay, WI"},
{"season": "2022", "week": "17", "date": "Sunday, January 1, 2023", "awayteam": "Rams", "hometeam": "Chargers", "stadium": "SoFi Stadium", "location": "Inglewood, CA"},
{"season": "2022", "week": "17", "date": "Monday, January 2, 2023", "awayteam": "Bills", "hometeam": "Bengals", "stadium": "Paycor Stadium", "location": "Cincinnati, OH"},
{"season": "2022", "week": "18", "date": "Sunday, January 8, 2023", "awayteam": "Buccaneers", "hometeam": "Falcons", "stadium": "Mercedes-Benz Stadium", "location": "Atlanta, GA"},
{"season": "2022", "week": "18", "date": "Sunday, January 8, 2023", "awayteam": "Patriots", "hometeam": "Bills", "stadium": "Highmark Stadium", "location": "Orchard Park, NY"},
{"season": "2022", "week": "18", "date": "Sunday, January 8, 2023", "awayteam": "Vikings", "hometeam": "Bears", "stadium": "Soldier Field", "location": "Chicago, IL"},
{"season": "2022", "week": "18", "date": "Sunday, January 8, 2023", "awayteam": "Ravens", "hometeam": "Bengals", "stadium": "Paycor Stadium", "location": "Cincinnati, OH"},
{"season": "2022", "week": "18", "date": "Sunday, January 8, 2023", "awayteam": "Chargers", "hometeam": "Broncos", "stadium": "Empower Field at Mile High", "location": "Denver, CO"},
{"season": "2022", "week": "18", "date": "Sunday, January 8, 2023", "awayteam": "Lions", "hometeam": "Packers", "stadium": "Lambeau Field", "location": "Green Bay, WI"},
{"season": "2022", "week": "18", "date": "Sunday, January 8, 2023", "awayteam": "Texans", "hometeam": "Colts", "stadium": "Lucas Oil Stadium", "location": "Indianapolis, IN"},
{"season": "2022", "week": "18", "date": "Sunday, January 8, 2023", "awayteam": "Chiefs", "hometeam": "Raiders", "stadium": "Allegiant Stadium", "location": "Las Vegas, NV"},
{"season": "2022", "week": "18", "date": "Sunday, January 8, 2023", "awayteam": "Jets", "hometeam": "Dolphins", "stadium": "Hard Rock Stadium", "location": "Miami Gardens, FL"},
{"season": "2022", "week": "18", "date": "Sunday, January 8, 2023", "awayteam": "Panthers", "hometeam": "Saints", "stadium": "Caesars Superdome", "location": "New Orleans, LA"},
{"season": "2022", "week": "18", "date": "Sunday, January 8, 2023", "awayteam": "Giants", "hometeam": "Eagles", "stadium": "Lincoln Financial Field", "location": "Philadelphia, PA"},
{"season": "2022", "week": "18", "date": "Sunday, January 8, 2023", "awayteam": "Browns", "hometeam": "Steelers", "stadium": "Acrisure Stadium", "location": "Pittsburgh, PA"},
{"season": "2022", "week": "18", "date": "Sunday, January 8, 2023", "awayteam": "Cardinals", "hometeam": "49ers", "stadium": "Levi's Stadium", "location": "Santa Clara, CA"},
{"season": "2022", "week": "18", "date": "Sunday, January 8, 2023", "awayteam": "Rams", "hometeam": "Seahawks", "stadium": "Lumen Field", "location": "Seattle, WA"},
{"season": "2022", "week": "18", "date": "Sunday, January 8, 2023", "awayteam": "Cowboys", "hometeam": "Commanders", "stadium": "FedExField", "location": "Landover, MD"},
{"season": "2022", "week": "18", "date": "Sunday, January 8, 2023", "awayteam": "Titans", "hometeam": "Jaguars", "stadium": "TIAA Bank Field", "location": "Jacksonville, FL"}
]